ILCE,alan_metrekare
BEYOĞLU,12385.076522812378
KADIKÖY,111084.67036322893
BEYOĞLU,1425.473091218883
TUZLA,10978.866991572679
MALTEPE,249055.6273653394
EYÜPSULTAN,59409.14384928534
MALTEPE,11327.013539399135
SANCAKTEPE,15990.017919232525
EYÜPSULTAN,3370.0987457658503
BEYKOZ,1639.5164994681845
BÜYÜKÇEKMECE,1469.587436617006
KARTAL,3444.8323884140373
ÜSKÜDAR,16473.45278440217
BÜYÜKÇEKMECE,7029.254392199393
ESENYURT,1883.0088526544516
ESENYURT,5313.390144260576
BAKIRKÖY,660.2005232808542
SARIYER,3234.1044906704633
SULTANGAZİ,11485.141467651381
BEYOĞLU,257.45860709819016
SARIYER,5511.553420459883
BAKIRKÖY,26269.70320553952
BAKIRKÖY,1895.0323145082552
ÜSKÜDAR,6183.793729357114
BAKIRKÖY,63453.07754096335
GAZİOSMANPAŞA,7631.53506093969
BEYKOZ,4496.825979844104
ŞİLE,264.0972523372677
FATİH,5163.883733575678
FATİH,37827.908577241156
FATİH,4894.253728873142
ÜSKÜDAR,8041.458025537563
TUZLA,110220.612143309
BEŞİKTAŞ,787.6860294578311
ÇATALCA,1015.689186559952
BAĞCILAR,22389.562847830184
KÜÇÜKÇEKMECE,63374.826867139695
BAŞAKŞEHİR,2342.912371222965
PENDİK,35676.14496401967
BAŞAKŞEHİR,24295.79286645998
PENDİK,9673.188971983996
TUZLA,373.8534530436423
PENDİK,780.1719691557539
BAKIRKÖY,1401.2810451029272
PENDİK,28222.774909046893
GAZİOSMANPAŞA,21358.01238443484
SİLİVRİ,373008.2601320303
SARIYER,4966.516868885402
KARTAL,23088.940565975758
MALTEPE,4461.519041215169
FATİH,4607.871800458825
BEYLİKDÜZÜ,67731.22120566019
BAŞAKŞEHİR,5960.018928243634
FATİH,13170.809609441409
MALTEPE,7532.58061914571
MALTEPE,56016.607042905394
BEYLİKDÜZÜ,13006.308959524467
FATİH,4703.939300752344
KADIKÖY,41172.962565061316
PENDİK,109967.36051186585
ESENLER,2592.5050856725084
ŞİLE,1204.1778192281147
ÇATALCA,122951.32658904043
ESENYURT,4018.4550067803107
BAKIRKÖY,4646.283245514425
ATAŞEHİR,8832.521808532465
KARTAL,7168.8477391628385
ÜMRANİYE,22158.995209541998
BEYOĞLU,1269.3841853505653
PENDİK,132294.02821630982
BÜYÜKÇEKMECE,356703.16673282103
MALTEPE,9887.73046536607
PENDİK,581.4631307936921
BAKIRKÖY,63692.3427294865
BEYKOZ,2374.6478205132976
SARIYER,15166.986403235831
FATİH,105608.61040337083
EYÜPSULTAN,22909.968510545204
ZEYTİNBURNU,5329.075623748684
ŞİŞLİ,144405.42147586064
ÜMRANİYE,10941.352326852424
GÜNGÖREN,24234.69628030079
EYÜPSULTAN,3860.916680833812
ŞİŞLİ,140.81077003746287
BEYKOZ,13849.032137638802
MALTEPE,287951.47517664375
ÇEKMEKÖY,3032.1945644551656
PENDİK,5187.014340620039
BAKIRKÖY,3797.3721596325995
ESENLER,494.45130769147954
BEYOĞLU,3966.530448463199
SİLİVRİ,22252.141040920575
ZEYTİNBURNU,12913.512959869251
BAKIRKÖY,6356.905257306291
BAKIRKÖY,5016.809272014458
BEYKOZ,3885.0714777541484
FATİH,12660.457528743624
PENDİK,3471.213617825722
BEYKOZ,10158.175236614035
ATAŞEHİR,30139.196589972977
BAKIRKÖY,4338.541866971761
KAĞITHANE,1209.2830681752712
BEYOĞLU,6100.861607578947
ŞİŞLİ,56711.42350120548
PENDİK,2443.379206918232
ŞİLE,327.5830594350352
BAĞCILAR,106197.47561782293
ÇATALCA,18456.81555728268
BAĞCILAR,1356.6013329940447
BAYRAMPAŞA,17081.681682681163
ÜSKÜDAR,23571.664797969435
BAHÇELİEVLER,24436.869976392565
BAKIRKÖY,5807.8154791881825
ŞİLE,2337.1712582852206
BAŞAKŞEHİR,38809.85509064642
BAKIRKÖY,1379.9494689266364
SANCAKTEPE,5321.575886722543
ŞİLE,1853.0534646778142
EYÜPSULTAN,15516.603159183815
FATİH,33967.60027071932
EYÜPSULTAN,38395.90527216985
EYÜPSULTAN,118959.29281884199
BEYKOZ,25112.786741291668
BEYOĞLU,15295.407082762798
BEYLİKDÜZÜ,1142.9169110803603
SULTANBEYLİ,1101.8412031241262
PENDİK,565.7120284781907
TUZLA,17135.61163207321
ÜMRANİYE,252.8576842088338
ÜMRANİYE,73712.49861596664
BEYKOZ,140661.09314804434
SARIYER,5045.359187147951
ÜMRANİYE,4963.837924236179
FATİH,1237.7217570538146
BAKIRKÖY,7383.975195350747
BEYLİKDÜZÜ,3256.1824898470522
PENDİK,3145.874612281382
SULTANGAZİ,15949.862813270925
ŞİLE,303.85202528574996
ÇATALCA,44441.87289592836
BAKIRKÖY,1220.4693251272038
ÇATALCA,14962.337120132725
ÇATALCA,23703.087579046274
ÇATALCA,29999.07003411905
ÇATALCA,29999.66239142167
ÇATALCA,33002.56483814753
ÇATALCA,29949.87565806286
ÇATALCA,72228.53271302459
PENDİK,61416.86471220506
ESENLER,10379.880864142653
EYÜPSULTAN,6339.368269890124
BAYRAMPAŞA,27688.550975543818
PENDİK,160453.58166378358
KARTAL,36470.91405439989
EYÜPSULTAN,26016.912142136676
ÜSKÜDAR,811.4275663663485
BÜYÜKÇEKMECE,100800.9264940009
PENDİK,12258.804502846531
BEYLİKDÜZÜ,63038.29245570602
EYÜPSULTAN,19270.894220626382
MALTEPE,80866.22396062681
ADALAR,117.89767244742322
ADALAR,88.8024680548059
ADALAR,382.46588459506717
ADALAR,279.71618511982786
SANCAKTEPE,10457.716403023987
KARTAL,18935.065995395573
BAKIRKÖY,4426.394261706135
ADALAR,856.9772971249704
BEYOĞLU,4215.960033444515
BEYOĞLU,392.1340675025793
BEYOĞLU,1850.6224398776903
ADALAR,111.84966589509507
TUZLA,100135.23205035055
BEŞİKTAŞ,734.2137829776835
ADALAR,46.28437550704042
BAHÇELİEVLER,74917.7561706833
ADALAR,1020.4940595044428
ADALAR,185.79361402034465
ADALAR,33.30749587766848
ADALAR,521.4933326925087
BEYKOZ,801.133588834217
ÜMRANİYE,40491.1042385569
SARIYER,427605.81898938894
BEYKOZ,2763.264465449505
KÜÇÜKÇEKMECE,74950.48323493745
PENDİK,52494.54273430654
AVCILAR,3061.807489766479
KÜÇÜKÇEKMECE,7430.624406109899
EYÜPSULTAN,6669.897056452115
ŞİLE,108.97332909116028
BAHÇELİEVLER,3462.2574091898155
PENDİK,398.8659003324387
BAŞAKŞEHİR,96034.97430428742
PENDİK,425.95583396716734
ŞİŞLİ,5255.1415527542
KARTAL,144840.1840456715
BAĞCILAR,16547.09725397813
MALTEPE,6392.094247237013
FATİH,20046.883742250822
FATİH,70759.10045166359
BEYOĞLU,84700.9607683576
ŞİLE,822.1537669157921
ÜMRANİYE,17350.08069361315
PENDİK,52266.31249684146
FATİH,10381.015450570525
SARIYER,5275.954039081191
ŞİLE,693.4131067756942
SULTANGAZİ,90140.40910020495
SANCAKTEPE,72400.22300086323
FATİH,11944.162546518677
ARNAVUTKÖY,9016.0198499422
BEŞİKTAŞ,42989.695456503076
SİLİVRİ,78607.07726646373
AVCILAR,3090.3595934278537
SİLİVRİ,38564.97789925683
BEŞİKTAŞ,258.0899008929683
ÜSKÜDAR,7231.2092803532305
KÜÇÜKÇEKMECE,32003.27370737092
FATİH,36234.24221642396
BAĞCILAR,2779.3066294640325
SARIYER,6619.571273838564
ŞİLE,666.0535809225183
BEYOĞLU,7524.32903504658
KÜÇÜKÇEKMECE,14295.620933257107
PENDİK,360.0355604484688
FATİH,1372.818335403222
ŞİLE,515.243346297108
TUZLA,456606.30958359403
EYÜPSULTAN,8482.295940775733
BAĞCILAR,4739.790607737509
KADIKÖY,19826.172298028094
KADIKÖY,31079.074872668003
BEŞİKTAŞ,17458.67466942517
BEYKOZ,880.774365083588
PENDİK,101833.5039697148
PENDİK,11266.319114768045
PENDİK,34861.76333721352
SARIYER,4370.495630926759
ÇATALCA,311740.6800736709
BAKIRKÖY,181473.0308145789
BEYKOZ,769.7497430241823
MALTEPE,14200.733297825294
BAKIRKÖY,2010.2040711311452
BAKIRKÖY,18847.44270317468
BEYOĞLU,6242.484853453926
PENDİK,16221.28495486635
PENDİK,676.2243597098646
ADALAR,852.6812470687153
FATİH,1425.2268740921668
PENDİK,574.1430828953762
ESENLER,10645.17795383754
KARTAL,7949.9311499828245
SARIYER,12948.324926570876
SARIYER,73604.4311744278
ÇATALCA,9808.64580517376
ÜMRANİYE,682.3765820582403
BEYLİKDÜZÜ,96671.70080837497
SULTANBEYLİ,2787.867139502553
ŞİŞLİ,10097.523473076511
ATAŞEHİR,102831.53136300933
KAĞITHANE,164257.69676141685
SARIYER,29188.79876127645
BEYOĞLU,4910.877015359126
KAĞITHANE,4736.621125120022
EYÜPSULTAN,49420.8888969163
BEYOĞLU,1681.4718532566503
ŞİLE,1975.7659393321549
EYÜPSULTAN,8797.621698404071
BAHÇELİEVLER,674.8267216726498
ÜSKÜDAR,163133.63374303246
ESENYURT,8118.806315526704
BAĞCILAR,55106.64833883173
EYÜPSULTAN,300.4448843536496
ŞİLE,972.9320311104077
KAĞITHANE,16892.034581655127
ÜSKÜDAR,2489.3920193806985
SARIYER,4222.344427787499
BEYOĞLU,30769.42951318445
ŞİLE,734.7135843323827
BAŞAKŞEHİR,6775.753279700479
PENDİK,17467.835605027863
FATİH,1951.1645053620236
KARTAL,5350.898732780127
BAKIRKÖY,25512.526437571236
SANCAKTEPE,95300.67070648988
ŞİLE,1094.8394384301346
KAĞITHANE,100520.29543343824
ŞİLE,2664.698217346517
BAŞAKŞEHİR,32899.17232045442
ÜMRANİYE,420.6801979883872
BAŞAKŞEHİR,586780.4895634579
BAKIRKÖY,28319.253657703404
BEYLİKDÜZÜ,5774.19778632816
ÜSKÜDAR,114851.42688235576
BEYKOZ,4213.912937853214
ŞİLE,1183.687346171061
BAKIRKÖY,644716.1727100807
ÜSKÜDAR,56446.01174641152
BEYOĞLU,8715.639122786222
BÜYÜKÇEKMECE,135039.6258580422
BAKIRKÖY,34690.76648758397
SANCAKTEPE,554.9495909447719
MALTEPE,26923.069630570986
SARIYER,2329.9758421198885
EYÜPSULTAN,30519.749899441238
FATİH,34764.41454379164
MALTEPE,24659.04917632687
BAĞCILAR,1233.039767740497
ARNAVUTKÖY,8797.158671855774
SİLİVRİ,36466.92305949534
FATİH,3904.4587040645415
KADIKÖY,13626.800821993489
KARTAL,7750.099812825281
ÜSKÜDAR,30813.026621122954
FATİH,10059.505706809194
ÜSKÜDAR,275.12153770444365
AVCILAR,11829.796937155204
BAŞAKŞEHİR,11359.452600448849
ARNAVUTKÖY,21597.894923246065
AVCILAR,183253.14636109892
ÜSKÜDAR,1157.5690935542198
BAŞAKŞEHİR,245345.13225624364
BAŞAKŞEHİR,13204.68544175668
SANCAKTEPE,1230.9430825320646
SİLİVRİ,231973.25079771283
SİLİVRİ,129830.48106530333
TUZLA,2063.9658509767273
BEYOĞLU,4503.024468922197
FATİH,13296.229567642438
KAĞITHANE,34339.49182491422
ŞİLE,2151.3150154017426
KARTAL,688.046021969277
SİLİVRİ,858206.6366775633
EYÜPSULTAN,1621963.413034314
BAŞAKŞEHİR,5259.529043571906
ŞİLE,876.5063502982059
ÇEKMEKÖY,43075.02156084333
BAYRAMPAŞA,18564.905206346397
SİLİVRİ,61070.58488246093
BEŞİKTAŞ,17331.65753870301
ŞİŞLİ,3165.9135793738233
TUZLA,11249.083696043865
KÜÇÜKÇEKMECE,1577.557217460558
KARTAL,1749.0394089003792
SİLİVRİ,201116.4419086826
ŞİLE,5535.9488398582
KAĞITHANE,8897.713313034186
ŞİLE,1714.8124906244402
KARTAL,9913.449470092179
PENDİK,61271.81227031246
KÜÇÜKÇEKMECE,4638.644984035951
BEYKOZ,8214.50413212848
MALTEPE,179.0861302621225
FATİH,55071.80672866728
ÜMRANİYE,17726.901813741017
ŞİLE,375.27349342416807
TUZLA,1605.5359153157988
ÜMRANİYE,5458.643321715995
BAKIRKÖY,175453.63147357575
KÜÇÜKÇEKMECE,103789.47446868269
ŞİLE,2843.8278050922
ÜSKÜDAR,138948.82866004494
ŞİLE,368.56272836611447
EYÜPSULTAN,1519385.1141310039
KÜÇÜKÇEKMECE,25131.25705296405
ŞİLE,3777.048839211942
PENDİK,10120.994940650979
BEŞİKTAŞ,30900.755504474513
PENDİK,139.5798645833191
ŞİLE,1395.9370858986938
SİLİVRİ,5022.339888133026
BAKIRKÖY,11120.874715708595
SİLİVRİ,2388.117604075288
ÜSKÜDAR,7444.080659780489
KADIKÖY,78779.71047931943
ŞİŞLİ,3797.385352677526
ATAŞEHİR,12612.425917376668
SULTANBEYLİ,15731.067907503853
ŞİLE,643.3274235266194
SARIYER,12439.67704280408
KÜÇÜKÇEKMECE,2369.587056104142
KARTAL,53581.86290139241
TUZLA,48828.998669738176
ESENYURT,97082.82777259548
EYÜPSULTAN,2225180.5430243076
BEYOĞLU,2869.3079858796273
BAYRAMPAŞA,37933.52757180403
KARTAL,93882.3403928818
BEYLİKDÜZÜ,200.4869793005975
BEYKOZ,3982.2531660461245
KARTAL,48950.430063543135
ATAŞEHİR,8295.239773121735
BEYKOZ,25921.58532788905
ŞİLE,199.79903626907583
BAĞCILAR,630.6194713300223
ÜSKÜDAR,1773.3649629061817
MALTEPE,6666.090106717778
ÜMRANİYE,229435.47772199218
BEŞİKTAŞ,1568.3383999764148
FATİH,12777.602168747058
BEYKOZ,4774.290017110045
SANCAKTEPE,9383.320966621337
SARIYER,1075120.0705456457
PENDİK,19555.21367974476
SULTANGAZİ,113295.00647808079
SARIYER,2467.0249674977113
BAŞAKŞEHİR,38629.83209456535
SARIYER,19814.785636730005
ŞİLE,11011.650619902748
PENDİK,201.3765009981845
SARIYER,1695.5288147681395
FATİH,8800.461684105596
FATİH,229.01366488297646
KAĞITHANE,409728.84641752543
FATİH,120617.3760898979
BEYKOZ,12314.917278700477
FATİH,10159.057228945167
ESENLER,64962.42977816033
PENDİK,262.00858352902276
ÜSKÜDAR,1112.9461303700646
PENDİK,93605.29181406507
EYÜPSULTAN,5233.463108846611
FATİH,35926.969335133355
ŞİLE,15421.662027691058
EYÜPSULTAN,41116.315679882086
BEYKOZ,121.77809174942234
KARTAL,8868.522406668546
BEYKOZ,528.0616542800915
FATİH,3601.6040160394246
KARTAL,11393.752245559876
KAĞITHANE,40243.46460157579
BEYOĞLU,13268.928801989587
PENDİK,6408.668204823888
MALTEPE,17879.6429784507
ÜMRANİYE,301150.03539469745
ÜMRANİYE,11031.217695796502
SANCAKTEPE,9690.545398390796
ÜSKÜDAR,1692.459382997477
ZEYTİNBURNU,10072.027310253474
KARTAL,311.8988437130605
ŞİLE,2535.526601858909
BEŞİKTAŞ,72155.27815830527
EYÜPSULTAN,26467.428238154775
EYÜPSULTAN,22343.949970969676
BAŞAKŞEHİR,34223.290772501394
BAYRAMPAŞA,898.0513504034785
ÜMRANİYE,36867.483190491344
ŞİLE,444.8728813323037
PENDİK,676.351016875037
ŞİLE,1871.493278081195
KÜÇÜKÇEKMECE,10725.458463176605
SARIYER,5462.044602026992
ŞİLE,2423.9063809263735
BEYLİKDÜZÜ,39104.513243057736
PENDİK,27349.69154258228
BEYLİKDÜZÜ,11869.187722957187
ÜSKÜDAR,882.840619651696
BAĞCILAR,18068.284279651867
BEYLİKDÜZÜ,11038.664120612162
ŞİLE,548.0762130328782
GAZİOSMANPAŞA,7947.042220027087
SARIYER,345723.15429222037
FATİH,25341.666113141353
BEŞİKTAŞ,31190.83866281644
KADIKÖY,1866.3829720402478
MALTEPE,34495.592303141326
AVCILAR,32562.008932110377
ESENYURT,49428.603744515276
GÜNGÖREN,4261.791784969034
EYÜPSULTAN,22998.51699719196
ESENYURT,35005.2231394193
SARIYER,3693.094679293734
BEYOĞLU,22894.68717416265
FATİH,27838.343599696767
KARTAL,15939.953437019292
BEYLİKDÜZÜ,25376.623530511722
PENDİK,46485.743379068845
BEYLİKDÜZÜ,5299.229013570691
KAĞITHANE,87599.10056217022
PENDİK,916.4338943934154
PENDİK,6496.795842861375
ŞİLE,598.6668170075261
KARTAL,24331.580410645503
BEYKOZ,6385.3356040619055
BAĞCILAR,2453.424071429289
KARTAL,99794.52974002904
ÜMRANİYE,3632.041714557684
BAŞAKŞEHİR,1234.437729767247
BAKIRKÖY,18038.355618906164
ÇEKMEKÖY,1931.5878867763945
ÇEKMEKÖY,2238.4089283262447
KARTAL,202940.5049247325
ÜSKÜDAR,4411.065188250504
KAĞITHANE,14216.626093989003
PENDİK,262.56193595248794
PENDİK,528.6908598742883
BÜYÜKÇEKMECE,10452.60258884977
FATİH,90232.69846019735
ŞİŞLİ,2521.642361803088
ÜMRANİYE,11443.446903267797
EYÜPSULTAN,4404.946379450466
ŞİLE,352.5320768165124
SİLİVRİ,749880.1714434603
BEYOĞLU,4261.0411258631375
ÇATALCA,90234.36501181166
ŞİLE,1617.8675240415787
KAĞITHANE,93081.37557695677
SARIYER,1296.5567307845433
SARIYER,3855.3404365784836
ÜSKÜDAR,27882.01473495562
KAĞITHANE,73996.01631301291
BEYOĞLU,5929.038158591855
EYÜPSULTAN,289719.2313866994
PENDİK,3970.2025482446084
ŞİLE,2794.049855445275
BEYKOZ,2103.2404731410184
BEŞİKTAŞ,13924.920225439088
EYÜPSULTAN,8865.918294546507
PENDİK,20913.208554095854
FATİH,522.3025746455247
BAŞAKŞEHİR,41760.23609657683
FATİH,111863.29398625776
BAKIRKÖY,81733.23287062129
BAKIRKÖY,12570.553573779474
BAKIRKÖY,20749.558332984998
BAKIRKÖY,89246.08944021359
ÜSKÜDAR,9042.3904618224
BAYRAMPAŞA,143342.47729360903
BAYRAMPAŞA,3790.3129793563785
SARIYER,9064.895238233143
PENDİK,29644.447661070993
SANCAKTEPE,4670.071427230065
KÜÇÜKÇEKMECE,5642.140612030412
MALTEPE,18986.393134407204
ARNAVUTKÖY,1347.3877130389492
SARIYER,441.4104846244333
ZEYTİNBURNU,56597.49585219923
ÇATALCA,1640.6329411570425
KARTAL,16261.440939609327
TUZLA,52034.212669425935
ÜMRANİYE,4512.2561669434945
BAŞAKŞEHİR,10273.347792374781
BÜYÜKÇEKMECE,32839.16346475332
ESENYURT,49851.361830577414
SİLİVRİ,80348.59128926806
SARIYER,2931.819837129051
TUZLA,1612160.2040349834
FATİH,19189.302615964385
BÜYÜKÇEKMECE,330648.18182606576
ŞİLE,3517.754670876575
KARTAL,4934.716874073338
EYÜPSULTAN,444408.2148756053
BEYLİKDÜZÜ,8782.051423817069
BAHÇELİEVLER,21831.321853590685
ŞİLE,2368.7472636626126
AVCILAR,190080.119504872
BEYOĞLU,44240.60922038684
ŞİLE,2564.49969546855
ÜSKÜDAR,2090.849080703918
BEYKOZ,5549.634615642592
ATAŞEHİR,6142.748907259843
ŞİLE,2030.6683866334715
SARIYER,20636.665917745464
BEYKOZ,2444.4260603962503
BEYKOZ,54993.56360672013
TUZLA,152017.19243217813
BAĞCILAR,14185.508726923863
ÜSKÜDAR,2631.771702797184
ÇEKMEKÖY,331273.9482093816
TUZLA,6599.549178601723
GAZİOSMANPAŞA,2702.039325605726
FATİH,1130.6320160244993
SARIYER,10194.903453356972
ÇATALCA,118835.83085025715
TUZLA,16013.297640140809
BAŞAKŞEHİR,26986.617244965775
PENDİK,6596.872032122435
ARNAVUTKÖY,5977.482230690136
PENDİK,7888.981170352678
MALTEPE,15820.218279355939
ADALAR,2748.5196535347595
SİLİVRİ,35793.88577807147
FATİH,31182.08596484193
ÜSKÜDAR,16567.50694165192
AVCILAR,1376.8625504600304
ÜSKÜDAR,9125.585215643872
KAĞITHANE,23467.43562165266
SARIYER,4109.2269124084605
BEŞİKTAŞ,23391.416672811793
ÜSKÜDAR,2880.661378640125
MALTEPE,10498.856761126197
ŞİLE,3496.1951839000776
ÜMRANİYE,25284.98141244673
KAĞITHANE,72756.32954429415
SULTANGAZİ,173749.43944879842
SARIYER,1269.0441674426652
PENDİK,26284.445295489142
SULTANGAZİ,1138.6051571575968
BAYRAMPAŞA,14666.670624462848
BAYRAMPAŞA,233534.2302745551
BEYLİKDÜZÜ,42537.99580287688
ŞİŞLİ,2464.7605524777887
ATAŞEHİR,21323.316775567593
BEYOĞLU,1848.8953255577842
KÜÇÜKÇEKMECE,10547.141520966423
ESENLER,12137.582634970693
PENDİK,19326.828140643425
SARIYER,2310.882727973385
EYÜPSULTAN,1604.3512215081164
BAKIRKÖY,85.31471598764699
KÜÇÜKÇEKMECE,34122.468254029816
BEYOĞLU,28506.23446644898
BEYOĞLU,6555.217980560805
TUZLA,6134.767357910736
ŞİŞLİ,862.04090237677
ŞİLE,2371.298302521107
BEYKOZ,4025.1654029011643
SANCAKTEPE,4202.196299973164
BEYKOZ,3873.040270616284
SARIYER,16867.731539008997
BEYKOZ,2571.9073984704482
BEŞİKTAŞ,88889.94222794438
ÜSKÜDAR,44851.42121874873
BEYKOZ,17287.371638437664
BEYKOZ,54299.75088055161
BAŞAKŞEHİR,6212.130349885255
ÜSKÜDAR,205836.0850098436
PENDİK,2196.7077257838687
PENDİK,5285.527303293247
SİLİVRİ,2879.505030109767
BEYKOZ,4500.79838590265
BAYRAMPAŞA,8597.252747383176
SARIYER,52931.84470517885
ŞİLE,4626.944583146443
BEŞİKTAŞ,1675.6494136471224
TUZLA,121102.99581770311
BAĞCILAR,3070.014685595495
AVCILAR,13223.267667163633
ZEYTİNBURNU,99520.01558645481
ŞİLE,659.53154999956
ŞİLE,1064.9338952371702
KARTAL,1674.4574972981686
SİLİVRİ,2541.304667656281
FATİH,29798.628620007825
FATİH,2346.0242012076606
BAHÇELİEVLER,6186.776593182465
BEŞİKTAŞ,1351.38451554032
BEYLİKDÜZÜ,52280.38190450536
ARNAVUTKÖY,572.0122730207398
SANCAKTEPE,83817.08535422348
SULTANGAZİ,2768.154114857013
BAKIRKÖY,106974.02001084352
BAŞAKŞEHİR,2404.1336724378602
KAĞITHANE,19159.84733762268
MALTEPE,20880.796422211217
BAKIRKÖY,6711.507539610092
PENDİK,93441.60936177571
ESENLER,14743.287768443099
KARTAL,91498.71291347203
SİLİVRİ,1464.0597292821085
ŞİLE,2793.5642322181743
SARIYER,20259.325860126948
SARIYER,1962.5792628074255
PENDİK,60029.63554546373
EYÜPSULTAN,6025.253924545952
BAKIRKÖY,1269.0304748144406
BAŞAKŞEHİR,132175.90680460207
BAŞAKŞEHİR,15222.744406552167
BEYLİKDÜZÜ,25235.829363405843
ÜSKÜDAR,3111.6421321661974
AVCILAR,26887.81610969575
ŞİLE,363.1081064333197
AVCILAR,8001.948010685618
SARIYER,34458.732175163255
ESENLER,384.16347348819363
KARTAL,32313.754414636565
PENDİK,8893.75930299318
PENDİK,571.1585695090872
TUZLA,14400.711755682765
SİLİVRİ,137960.86684452405
FATİH,68784.40511872932
KARTAL,3537.459688890374
BEYLİKDÜZÜ,17344.916173012607
PENDİK,3007.069256203633
BEYOĞLU,3054.747817060298
KARTAL,145.32010890504958
TUZLA,15330.422374441081
ŞİŞLİ,23020.23395148722
ÇATALCA,14000.426067774264
FATİH,1387.072685532565
KARTAL,49416.325631329615
KARTAL,4857.439910357897
ŞİŞLİ,42745.2483085929
ŞİLE,4241.934524874286
ÜSKÜDAR,111763.26854992338
PENDİK,21542.87904270046
ESENYURT,50738.03124120599
BEYOĞLU,46423.04097662216
BEYOĞLU,23959.662147531213
SİLİVRİ,26006.226232397836
PENDİK,22121.658853517598
SANCAKTEPE,68879.08668745856
ÜMRANİYE,13088.328000473664
ÜMRANİYE,11596.929469858975
ZEYTİNBURNU,225042.28405060738
ÜSKÜDAR,37863.818671913046
BAŞAKŞEHİR,65695.70007005663
ESENLER,38335.21151154113
BAŞAKŞEHİR,5137.307165135351
KÜÇÜKÇEKMECE,84994.79638739837
ESENYURT,80888.24499524587
BEYKOZ,4552.79184973486
PENDİK,71643.37173248937
KARTAL,12212.496966709683
BEYKOZ,5264.911198418585
BEYKOZ,3131.147691974235
ESENYURT,1648.230927714583
BEŞİKTAŞ,22573.999904394623
BEYOĞLU,267.7825218348442
ŞİŞLİ,18152.88186391024
FATİH,568842.6255962932
BEYOĞLU,9800.437321066089
TUZLA,35394.387643547634
KADIKÖY,34505.02330791733
KÜÇÜKÇEKMECE,176170.0296592377
ŞİLE,348.6774263027864
PENDİK,109042.15304387877
BAKIRKÖY,3198.5637270665534
ŞİLE,286.3916609898553
SARIYER,9492.441562126933
BAĞCILAR,29380.447280615925
ÜSKÜDAR,3269.977768708545
ÜSKÜDAR,3635.3872252413944
ŞİLE,297.51687070852284
PENDİK,97108.31366285241
PENDİK,3103.576791018002
KÜÇÜKÇEKMECE,155648.17391278455
BEŞİKTAŞ,4002.5096214225623
KADIKÖY,4461.760186118594
KAĞITHANE,27168.269270298213
EYÜPSULTAN,13281.38444375172
BEYKOZ,947.8735228320287
BAYRAMPAŞA,86736.91270377184
TUZLA,26283.146952682968
ÜMRANİYE,1921.7414998039621
EYÜPSULTAN,41728.14015252059
BAĞCILAR,71865.89101239304
BEŞİKTAŞ,3299.256901112579
SANCAKTEPE,10864.634412122043
SİLİVRİ,3299.8555566507816
PENDİK,1845.526669943184
BAHÇELİEVLER,6835.262351383465
ŞİLE,963.3555093167508
ŞİLE,438.0638028397966
BAKIRKÖY,69171.44979821275
SİLİVRİ,36402.443629072885
BAĞCILAR,2196.3373413612935
GAZİOSMANPAŞA,54199.07123406975
ZEYTİNBURNU,5910.023266727013
SİLİVRİ,565270.3029108798
EYÜPSULTAN,2463.924319355609
ŞİLE,7479.24504092423
PENDİK,227.65324553911057
KADIKÖY,213571.47676232475
PENDİK,2506.5499671618873
SARIYER,1072.1731897257991
ŞİLE,1609.3440960320252
ÜSKÜDAR,899.5676934901539
BEYKOZ,1333.9021814175737
ESENYURT,60807.540840138565
AVCILAR,584.2971469135318
BEYLİKDÜZÜ,2132.644359424208
BÜYÜKÇEKMECE,462.2511739625587
KADIKÖY,43813.12439928317
AVCILAR,3552.1886474101348
ÜMRANİYE,20591.003860902805
ÜMRANİYE,26993.434008346965
ÜSKÜDAR,10868.987549945065
EYÜPSULTAN,10423.453584172878
FATİH,8850.784443617533
BAŞAKŞEHİR,91535.48718777197
EYÜPSULTAN,3601.228526122891
SULTANBEYLİ,2816.910725462169
BEYKOZ,81096.75397484146
BAKIRKÖY,70973.95322249952
KARTAL,1067.2531920458684
BAKIRKÖY,177231.87374381325
ÜMRANİYE,6808.9861987220775
KAĞITHANE,50347.74227478335
BEYKOZ,8671.240131682907
KARTAL,8052.344126816888
ESENYURT,2664.595781275577
ÇATALCA,15215.059282691476
SARIYER,1039.329561913261
PENDİK,640.4828442626255
KARTAL,13354.616720197086
KADIKÖY,90120.68750920777
PENDİK,84269.89401988813
KARTAL,1258.9943369816563
FATİH,24766.81933113638
ÜSKÜDAR,6946.513558675755
SİLİVRİ,66527.44963474176
FATİH,1111.383678765153
KAĞITHANE,13601.427103780252
PENDİK,150763.62657210446
BÜYÜKÇEKMECE,107109.8052156809
ESENLER,157872.5353844557
ÇATALCA,50490.9091396333
SARIYER,86811.49072070152
KARTAL,191.8892348961377
KARTAL,27452.962611333165
MALTEPE,11559.813300629161
KÜÇÜKÇEKMECE,20984.902812846467
BAŞAKŞEHİR,5974.969282130845
BAKIRKÖY,1275.3687576256073
KARTAL,55907.91564240444
MALTEPE,156788.4101911582
ŞİLE,1426.7043931403496
ŞİLE,1291.5501006340896
SANCAKTEPE,946.262045532765
ÜSKÜDAR,53378.017573708355
EYÜPSULTAN,19562.024071603853
ÜSKÜDAR,2489.7342759605212
SARIYER,27660.805683464856
ŞİLE,1149.1756605698308
BAĞCILAR,28249.72226218189
FATİH,14473.871434993916
ŞİLE,1815.5519989765794
BEŞİKTAŞ,9673.706930057611
ATAŞEHİR,29665.163096717264
BAHÇELİEVLER,10801.47782636662
ŞİLE,2107.843028664721
SULTANBEYLİ,83987.40250920694
BAĞCILAR,1650.5191890242827
BÜYÜKÇEKMECE,365062.51050948165
BEYKOZ,5443.64549811082
SARIYER,6216.215201688928
SANCAKTEPE,32603.52448154158
KAĞITHANE,14446.324654052009
ÜSKÜDAR,20403.280312542378
BAKIRKÖY,8415.020839377063
BÜYÜKÇEKMECE,1865.9843044666159
KAĞITHANE,6289.606404422309
FATİH,1831.070463053944
BEYKOZ,3890.943149636763
ÜSKÜDAR,10377.515047520596
ŞİLE,3175.817571680974
ÜSKÜDAR,5420.034150159781
SARIYER,11114.411536863468
ŞİLE,2637.3079234329484
BEŞİKTAŞ,2274.1807550397757
ESENLER,2801.9077614031944
ŞİLE,7056.859195334398
BAKIRKÖY,15773.853181320426
ÇATALCA,37038.03672746592
SANCAKTEPE,144952.38467018367
ŞİLE,1573.1773158438787
BAKIRKÖY,4601.903284278759
BEYKOZ,1829.3550211965483
TUZLA,6853.7356165853125
FATİH,6428.361172982468
MALTEPE,1035.7844360859374
BAĞCILAR,10090.402000302642
BAKIRKÖY,1066.5610287750696
BAKIRKÖY,5771.7634255715675
BAKIRKÖY,4674.2687464775645
SARIYER,6677.221390048253
ÜSKÜDAR,2563.625079291877
BAŞAKŞEHİR,22652.69943726389
EYÜPSULTAN,7668.567565530317
SARIYER,15737.546040801182
SANCAKTEPE,69392.19060732212
BAYRAMPAŞA,50922.6394815326
MALTEPE,66130.31293637285
GAZİOSMANPAŞA,1355.9868349685833
ÜSKÜDAR,2473.4578485862294
BEŞİKTAŞ,139418.72503853185
BAĞCILAR,31393.025171819598
KADIKÖY,1737.9778885181217
BAŞAKŞEHİR,127124.167132694
KARTAL,19051.65471309936
ŞİŞLİ,4591.018077825385
ATAŞEHİR,30171.441619813875
PENDİK,4495.117351276178
KARTAL,40111.31517128917
BAYRAMPAŞA,65526.3855793782
SANCAKTEPE,74389.4481627852
AVCILAR,2085.1916915186944
BÜYÜKÇEKMECE,13866.380697428101
BAŞAKŞEHİR,16436.93181308588
BAKIRKÖY,80920.47133857431
PENDİK,945.5000905499477
ŞİLE,2131.1968840450995
AVCILAR,48809.66453062747
BEYOĞLU,41076.74094599525
ZEYTİNBURNU,28988.17419489442
ÜMRANİYE,43516.00917216362
SARIYER,4031.532786058842
AVCILAR,24905.368732678577
EYÜPSULTAN,1881.1705437941387
ATAŞEHİR,77922.01213141096
BÜYÜKÇEKMECE,235167.78203262403
KÜÇÜKÇEKMECE,15010.831444970023
ÜMRANİYE,49191.5976571729
SARIYER,7346.933721677924
ŞİLE,2363.601779972339
BEYKOZ,218.98832660871204
ÜMRANİYE,702.7357012682558
FATİH,1227.4889289166592
ŞİLE,643.3909066407824
BEYOĞLU,30998.74806620099
ESENLER,9966.059607118974
EYÜPSULTAN,1074.463300826571
ŞİLE,1578.674628364859
BÜYÜKÇEKMECE,16420.234916766258
ŞİLE,153.45241035721773
BEŞİKTAŞ,12740.712753771546
SARIYER,1104.5222541656951
ATAŞEHİR,4624.5166305319935
BÜYÜKÇEKMECE,221311.48390315773
BAŞAKŞEHİR,53220.90443945514
SARIYER,3841.550817499832
MALTEPE,5882.381960165961
ŞİLE,962.0986808199467
EYÜPSULTAN,25553.103546456376
ESENYURT,145262.76805186336
PENDİK,13091.167189245476
BAŞAKŞEHİR,32926.83505508648
PENDİK,539.2451865818352
BEŞİKTAŞ,10745.227396405902
ŞİŞLİ,20149.55299140595
KÜÇÜKÇEKMECE,8912.921599930705
ŞİLE,827.1117922702988
EYÜPSULTAN,1327.9425089504496
KÜÇÜKÇEKMECE,489.4269178966095
ÜMRANİYE,159698.3322286162
BAĞCILAR,1433.4078331813498
BAĞCILAR,3261.098954223971
BAHÇELİEVLER,4404.81973763532
EYÜPSULTAN,4714.287970565175
ESENLER,11890.217144484772
BAŞAKŞEHİR,13862.138920402405
GÜNGÖREN,330.42719203506743
BEYKOZ,275839.2980101762
SULTANBEYLİ,1867.4115061596558
BEŞİKTAŞ,5830.651806266412
ÜSKÜDAR,107646.04979288513
ŞİLE,1806.9495769915013
EYÜPSULTAN,17468.310966695324
ÜMRANİYE,16920.256945297173
FATİH,29943.44803440468
ÜMRANİYE,22946.533258214193
SARIYER,746.3133493834279
EYÜPSULTAN,3486.0250189172225
ŞİLE,3272.6477303144493
ÜMRANİYE,123572.78206506777
BEYOĞLU,14499.186931078217
ATAŞEHİR,3292.244971786354
KADIKÖY,66373.43804138644
KÜÇÜKÇEKMECE,1696.7210988964473
ZEYTİNBURNU,23051.095140249156
PENDİK,101717.99974715305
BAHÇELİEVLER,12552.423725905757
PENDİK,51066.43469096467
KAĞITHANE,56735.87007968082
ŞİLE,51086.38343700816
SARIYER,2472.229355447468
EYÜPSULTAN,16624.79486019501
FATİH,730.008777975084
ATAŞEHİR,11627.970606775827
ŞİLE,538.0022479409621
ÜMRANİYE,2011.8668874138948
BEYKOZ,33767.79138280828
FATİH,2341.779865465797
KADIKÖY,34653.52168997297
ŞİLE,2290.730043509126
SARIYER,3587.7790289832037
SARIYER,9587.718619090694
KÜÇÜKÇEKMECE,559179.7237690557
ÇATALCA,1487.661536003146
ESENLER,2001.1555684344714
ŞİLE,1911.4390360378263
BEYKOZ,10116.887963204235
MALTEPE,32031.719347718885
ÜSKÜDAR,270948.05867510097
ARNAVUTKÖY,17237.236463986468
SULTANGAZİ,86752.38001604436
ÜSKÜDAR,138967.8772505307
FATİH,35934.62369692796
BAKIRKÖY,16800.420934240232
MALTEPE,9595.326263077986
EYÜPSULTAN,22963.757174951123
ŞİLE,771.7514061675008
ADALAR,2078.414773714914
ŞİLE,1373.9212870169408
MALTEPE,38279.09856184777
EYÜPSULTAN,10056.924819773616
ADALAR,535.018436216819
PENDİK,8035.026844543791
ÜMRANİYE,1089.8904259073609
ZEYTİNBURNU,64502.11297649516
SİLİVRİ,33868.282341570884
SARIYER,9463.047357782467
BAKIRKÖY,4656.848535480338
ŞİLE,395.79439839847305
BÜYÜKÇEKMECE,15513.828590476493
ATAŞEHİR,17010.783892785123
ESENYURT,5696.945561426049
ŞİŞLİ,7351.3821843666665
ŞİLE,72533.72981523159
AVCILAR,12890.076758991718
PENDİK,1565.5826232929014
BAKIRKÖY,3563.7543147679226
KAĞITHANE,109078.41645751853
ŞİLE,371.4897638068708
SARIYER,4181.145489660908
ŞİLE,189.43812283526145
FATİH,2356.8993476197143
PENDİK,28592.82213546178
SİLİVRİ,233200.63410774982
PENDİK,136365.2620720122
ZEYTİNBURNU,46937.032045696076
SARIYER,2034.4985094147096
ŞİLE,114.55332763716547
KARTAL,31740.986427482778
BEŞİKTAŞ,2721.4522161779564
ESENYURT,145154.8942068428
TUZLA,18142.8060507973
SARIYER,512.2919465135689
SULTANGAZİ,4336.562152714811
KARTAL,3375.0948239016216
ÜSKÜDAR,11498.528197439584
SARIYER,33891.09981721509
KARTAL,5729.491754200067
BAKIRKÖY,9893.506035702916
TUZLA,769.5291443260799
ATAŞEHİR,40944.09750597385
ÜSKÜDAR,3104.2459887776586
EYÜPSULTAN,1801.5284529112398
ESENYURT,441226.1211679433
PENDİK,2208.3803000893136
PENDİK,155375.41164227508
EYÜPSULTAN,30214.208511429464
BEYKOZ,3045.023397039802
EYÜPSULTAN,6662.679977211175
KARTAL,6279.205719795695
KÜÇÜKÇEKMECE,21833.968231131657
ÇATALCA,1699.9123693976462
BAKIRKÖY,30224.048453364936
BEYKOZ,11604.517322861146
BEYOĞLU,4324.22859161869
BEYOĞLU,5680.07708678675
BEYLİKDÜZÜ,142312.0565205962
ÜSKÜDAR,74423.89710742573
BAHÇELİEVLER,2364.674435534999
GAZİOSMANPAŞA,9310.150292532377
AVCILAR,22011.399386435187
BAŞAKŞEHİR,35234.53044922113
PENDİK,6134.0982253765915
FATİH,6223.273707613758
BEŞİKTAŞ,22695.895108635006
FATİH,1338.410349213041
BAŞAKŞEHİR,1029.672126914479
ATAŞEHİR,286.3976068754155
ÜMRANİYE,249.40577941493524
ÇEKMEKÖY,5.327176575555803
ŞİLE,2335.4052622280633
PENDİK,20098.63140932354
BAKIRKÖY,211884.73404441585
SARIYER,5788.460705986785
EYÜPSULTAN,2721.8913811874836
BEYKOZ,18764.174426553804
BEŞİKTAŞ,8949.322860650958
SULTANBEYLİ,15726.819101718995
KAĞITHANE,10319.02001991822
ADALAR,180.17515372555383
ADALAR,79.32737084222771
KÜÇÜKÇEKMECE,18288.21776987768
ADALAR,75.63031351264578
ADALAR,223.5532669120935
ADALAR,277.51158630233203
ADALAR,371.9834602931476
ADALAR,1770.3274758747475
ADALAR,181.35990227872463
BEYOĞLU,1788.3736158654579
ÜSKÜDAR,14696.510313494853
SULTANBEYLİ,7830.636686393818
SANCAKTEPE,8077.466934645411
SİLİVRİ,23957.04156227782
ŞİLE,2775.6778038222947
ÜSKÜDAR,159371.36317888438
BÜYÜKÇEKMECE,610219.1412837055
EYÜPSULTAN,7834.393596943613
EYÜPSULTAN,43215.77815634808
SARIYER,8447.178668244493
SARIYER,6452.642871228975
ADALAR,154.4091574245054
BEYKOZ,78495.45594894495
TUZLA,2991.3804733059915
ADALAR,2173.191410498982
BAĞCILAR,213.3262209660595
ÜMRANİYE,1313.4180553468059
SANCAKTEPE,1667.82450872935
ÇEKMEKÖY,156.68493212756218
SANCAKTEPE,3411.316271159854
ÇEKMEKÖY,1450.2099003615517
KÜÇÜKÇEKMECE,3665.8243144114404
ADALAR,241.36211939391532
ADALAR,350.0356218521546
ADALAR,219.11777755830863
ADALAR,437.3398117226748
ADALAR,45.29937484545942
SANCAKTEPE,4428.575051066173
ADALAR,530.7903125538559
ADALAR,50.91228053008247
MALTEPE,15580.958766503716
TUZLA,31072.835156958114
KADIKÖY,109.32288186329092
MALTEPE,510868.7071188147
TUZLA,5044.313054991097
ŞİLE,11400.273487288168
ÇEKMEKÖY,2412.5793940073368
ŞİLE,53.2299300016095
ŞİLE,97.93418452941658
SANCAKTEPE,856.6727820958248
ADALAR,642.9945827544083
KARTAL,1019.1911712882234
ADALAR,469.0032233480944
ADALAR,1255.643139451375
KARTAL,4623.80345929402
ADALAR,824.5132904866526
ADALAR,577.2258198764869
EYÜPSULTAN,116621.21063990533
ESENYURT,5356.736299956616
BAKIRKÖY,14862.375252447946
BEYKOZ,276209.68822257797
ŞİLE,1437.0774772750706
ŞİLE,1210.9377340818846
ÜMRANİYE,95963.73367146506
ÇEKMEKÖY,7469.820861732045
SANCAKTEPE,3663.022896466549
BEYKOZ,159693.92265834863
ŞİLE,719.4926555507496
ÜSKÜDAR,3171.607792437062
MALTEPE,15065.868068081163
ÇEKMEKÖY,4983.199682369373
ÇEKMEKÖY,38866.06308164494
BÜYÜKÇEKMECE,7655.969382056794
ŞİŞLİ,6001.653074261987
BEŞİKTAŞ,131467.02556763927
BEŞİKTAŞ,21324.016451091462
TUZLA,2081.5613660818913
ŞİLE,324.06166288503687
GAZİOSMANPAŞA,19966.99540855066
ŞİLE,534.7230976082074
ÇATALCA,2474.0320820401935
ÇATALCA,10374.74896015607
BEŞİKTAŞ,1910.843624530491
TUZLA,199401.70214889475
PENDİK,23983.587816779644
BAHÇELİEVLER,2021.0410529462836
MALTEPE,18971.741200456276
SULTANBEYLİ,771.5122718522884
ATAŞEHİR,51492.44135846161
ÜMRANİYE,2013.008814048782
SULTANBEYLİ,416.99438073994554
AVCILAR,115745.28924262557
SARIYER,4955.600685749554
SARIYER,15582.89921421991
ŞİLE,1939.1087191878569
PENDİK,44641.51974678601
SULTANBEYLİ,140407.07241177326
SULTANBEYLİ,76.35158856430971
TUZLA,3121.91444765577
EYÜPSULTAN,22664.67049068968
ÜMRANİYE,2074.8238493115214
BEYKOZ,51053.439082191755
ATAŞEHİR,119780.61869205302
ATAŞEHİR,17154.931692007718
ÜSKÜDAR,143883.9110822241
ÜSKÜDAR,7556.198651399332
ÜSKÜDAR,4799.549013184809
BEYKOZ,36627.06263433482
ŞİLE,305.31497164495374
ŞİLE,22109.95271850763
EYÜPSULTAN,523.7726741508291
SULTANBEYLİ,429578.35459246824
SULTANBEYLİ,2.9594039714623985
SULTANBEYLİ,2.010838840352502
SULTANBEYLİ,7.10605407335947
SULTANBEYLİ,2.3682445713296456
SULTANBEYLİ,2.3676127734985846
SULTANBEYLİ,3.558656972048616
SULTANBEYLİ,3.5584542658587335
SULTANBEYLİ,1.7235701232420788
SULTANBEYLİ,3.5524290466051047
SANCAKTEPE,4.735157338904107
ŞİŞLİ,551.143463852341
SANCAKTEPE,6580.297677297426
SANCAKTEPE,101.83718309254846
BEŞİKTAŞ,389759.82597727847
SULTANBEYLİ,6908.8145345133835
BEYKOZ,36122.45299536838
BEYKOZ,98631.8775041029
ÜSKÜDAR,51201.581591210146
TUZLA,13620.878978390672
BAŞAKŞEHİR,127002.8773412134
BEYKOZ,340.2287687805353
BAĞCILAR,8164.989137271833
KAĞITHANE,22101.607171857184
ÜMRANİYE,5000.1786661424585
EYÜPSULTAN,25487.076654926328
BEYLİKDÜZÜ,123234.16745277664
ÇEKMEKÖY,25105.00438712783
BEYLİKDÜZÜ,81224.1363626963
MALTEPE,72355.32954957389
TUZLA,11226.28586858952
ADALAR,2657.0875795184593
ADALAR,548.6698644951881
SARIYER,153894.67599755328
ÇEKMEKÖY,78979.04673335556
BAYRAMPAŞA,1557.0893079875627
SANCAKTEPE,88488.54182529633
ADALAR,394.2033376122073
TUZLA,3093.2306151923863
ATAŞEHİR,2282.7244923585604
ZEYTİNBURNU,112829.6589544041
ATAŞEHİR,965.0318736385028
ATAŞEHİR,827.913885752095
TUZLA,4138.310674997794
ŞİLE,4474.125165512422
ŞİŞLİ,2795.0874949037907
KÜÇÜKÇEKMECE,1585.6472125348762
KÜÇÜKÇEKMECE,6492.100027180204
BAĞCILAR,610.5177357426422
BAĞCILAR,2164.9736306661853
BAHÇELİEVLER,2168.5332694599447
MALTEPE,1185.1771360551634
BAKIRKÖY,9728.964981345744
BAKIRKÖY,186263.84790508184
ŞİLE,1081.2408199245842
ATAŞEHİR,48620.70254725854
ADALAR,9938.526601159676
ADALAR,35.41956398120964
ADALAR,1453.087228114148
ADALAR,655.2248514784656
ADALAR,75.20429056563833
BAKIRKÖY,2449.5625443614977
GAZİOSMANPAŞA,2480.778974682149
EYÜPSULTAN,1079.5937891762503
KAĞITHANE,2805.466122550587
SULTANGAZİ,24211.66882776403
BAĞCILAR,1006.903319950827
ÜMRANİYE,17851.355811912064
ADALAR,1732.9592236017884
ADALAR,1380.554025134085
BEYKOZ,6273.135030973031
ADALAR,645.2906941560299
GAZİOSMANPAŞA,74149.47372610959
SULTANGAZİ,2416.9522979603726
BAYRAMPAŞA,30766.74611009831
BAĞCILAR,260352.03586844887
SULTANGAZİ,4047.5780000622703
ESENLER,16114.336264487456
SARIYER,1719.8705137010063
FATİH,37493.897570162655
ATAŞEHİR,3680.2618138186995
SİLİVRİ,380.4253990075997
ADALAR,1961.1076315120324
ÜSKÜDAR,7793.778526213514
TUZLA,20541.616937632396
KÜÇÜKÇEKMECE,136347.34676333363
PENDİK,45818.22864092435
ESENLER,176.8141722713933
PENDİK,15632.856373437073
KARTAL,30801.104994679354
MALTEPE,67371.83141972533
ADALAR,3194.849190667175
KARTAL,22203.323680796824
GAZİOSMANPAŞA,2608.6813216057803
SULTANGAZİ,29721.666652147633
ÇATALCA,3054.8257654594236
PENDİK,461.69423176482417
BEYLİKDÜZÜ,17935.198802480947
BAKIRKÖY,78440.74875038675
FATİH,16101.564804320467
PENDİK,562.7870310240883
PENDİK,15540.183843051725
ADALAR,358.1103094649403
ADALAR,59.10450161483527
ADALAR,356.7064704016207
KADIKÖY,1676.3999125548028
ZEYTİNBURNU,60213.52341362237
EYÜPSULTAN,46616.353584471566
KARTAL,21823.34659507663
KARTAL,1861.877522660402
ÇEKMEKÖY,4304.324351379815
MALTEPE,1204.5931413543162
ÜSKÜDAR,18102.123491796137
ÜSKÜDAR,7425.509480608631
ÜSKÜDAR,10710.26327457786
MALTEPE,15980.97043877439
SARIYER,2798.48403460399
ŞİLE,2794.0800286623175
ÜMRANİYE,1004.0472941396678
BAĞCILAR,1429.4265015568553
GÜNGÖREN,553.873984394235
GAZİOSMANPAŞA,384.8404342286408
BAYRAMPAŞA,370.9025085109217
SARIYER,6565.7119929653245
SİLİVRİ,75.66742749135318
SİLİVRİ,24064.057328959334
ESENLER,19991.709352053196
ADALAR,239.64914756109764
ŞİLE,7277.2480318718635
ADALAR,468.0278417628648
MALTEPE,10829.287272847136
ADALAR,774.576717972201
ADALAR,308.03302936507987
ADALAR,219.98902223519843
KÜÇÜKÇEKMECE,15701.421269596887
KARTAL,7085.881558288781
KARTAL,6135.025228354103
FATİH,1080.9961976724326
SİLİVRİ,2571.075958697979
KAĞITHANE,120951.72904098741
EYÜPSULTAN,22651.19287451208
KADIKÖY,39229.34068433044
MALTEPE,95263.34542940886
BAKIRKÖY,25371.986645280835
ZEYTİNBURNU,37736.20848141584
KARTAL,8201.699443512938
AVCILAR,10001.033492311235
ATAŞEHİR,707.5902582082506
ÜMRANİYE,2873.9006826578884
ÜMRANİYE,872.3834044577856
ÜMRANİYE,694.830677940793
MALTEPE,12393.029385308539
MALTEPE,2217.8218121392892
KARTAL,2457.809925338873
PENDİK,1124.2392650921581
SULTANBEYLİ,1273.7220537906378
SANCAKTEPE,11413.362698324083
SANCAKTEPE,2304.8731023045043
SANCAKTEPE,5146.385768780108
MALTEPE,5557.326252545905
KARTAL,1611.4833691293309
BAĞCILAR,12915.578118960602
KÜÇÜKÇEKMECE,6494.046294605854
KÜÇÜKÇEKMECE,7722.7636406781785
BAĞCILAR,853.8857930883016
BAĞCILAR,34688.19135830038
KARTAL,24766.088588587456
KARTAL,15832.116110971263
KADIKÖY,9568.52488284797
MALTEPE,59844.96496824566
TUZLA,14920.011502374804
ÜSKÜDAR,137840.32244919115
BEŞİKTAŞ,24353.025943084816
ADALAR,16.271883284488556
BAĞCILAR,5111.625904915118
KÜÇÜKÇEKMECE,1076.9048751436414
KADIKÖY,23126.893918460366
BEYKOZ,10369.759066419336
AVCILAR,44486.974890354984
BEYKOZ,2689.8490448169086
KÜÇÜKÇEKMECE,13879.997555698208
ADALAR,2694.7539305674118
ATAŞEHİR,1320.5240446100488
SARIYER,40050.26780087063
